Municipio;Total
110001;3314
110002;22020
110003;894
110004;20645
110005;3214
110006;2675
110007;1967
110008;1142
110009;5675
110010;5018
110011;11763
110012;32288
110013;3865
110014;2156
110015;6595
110018;11059
110020;133203
110025;3233
110026;924
110028;14062
110029;1063
110030;29511
110032;4095
110033;2532
110034;1499
110037;1250
110040;1601
110045;4318
110050;1152
110060;623
110070;1066
110080;3311
110090;613
110092;3383
110094;1931
110100;925
110110;1637
110120;1245
110130;1486
110140;1534
110143;751
110145;833
110146;699
110147;576
110148;711
110149;2146
110150;1449
110155;513
110160;899
110170;1704
110175;818
110180;781
120001;1093
120005;768
120010;3246
120013;1856
120017;793
120020;12992
120025;2517
120030;2497
120032;667
120033;1017
120034;632
120035;1239
120038;2680
120039;804
120040;127692
120042;303
120043;1019
120045;2654
120050;3283
120060;2970
120070;869
120080;1723
130002;1461
130006;696
130008;866
130010;1079
130014;978
130020;1763
130030;2114
130040;227
130050;989
130060;2849
130063;1413
130068;115
130070;6022
130080;3510
130083;1208
130090;827
130100;1355
130110;6187
130115;1795
130120;8696
130130;1727
130140;1625
130150;1709
130160;3404
130165;114
130170;3136
130180;582
130185;10407
130190;10983
130195;489
130200;733
130210;1379
130220;1697
130230;823
130240;2532
130250;9935
130255;1065
130260;605154
130270;3737
130280;1720
130290;4051
130300;1232
130310;3560
130320;1578
130330;1287
130340;10751
130350;58
130353;6476
130356;2507
130360;29
130370;3934
130380;2723
130390;1619
130395;662
130400;654
130406;6309
130410;105
130420;9482
130423;3534
130426;282
130430;1088
130440;1758
140002;795
140005;1004
140010;105202
140015;1570
140017;2018
140020;1511
140023;659
140028;605
140030;1637
140040;1828
140045;2091
140047;4624
140050;1429
140060;616
140070;293
150010;15001
150013;689
150020;5432
150030;2035
150034;3542
150040;3235
150050;3496
150060;16875
150070;1651
150080;82211
150085;3144
150090;4544
150095;1273
150100;747
150110;808
150120;1718
150125;669
150130;36848
150140;420206
150145;2027
150150;14448
150157;2082
150160;1765
150170;10581
150172;1269
150175;326
150178;3860
150180;8958
150190;1768
150195;373
150200;3305
150210;8558
150215;32137
150220;10104
150230;8787
150240;39192
150250;4433
150260;1819
150270;5801
150275;2769
150276;2197
150277;4220
150280;1401
150285;1144
150290;3101
150293;5941
150295;2792
150300;397
150304;1987
150307;3011
150309;2756
150310;2846
150320;3079
150330;3381
150340;838
150345;4269
150350;2103
150360;20146
150370;3632
150375;966
150380;3704
150390;5544
150400;1218
150405;2719
150410;575
150420;64338
150430;2885
150440;2287
150442;14875
150445;2071
150450;197
150460;1541
150470;11290
150475;1399
150480;3906
150490;1211
150495;984
150497;1311
150500;1319
150503;6216
150506;4793
150510;3255
150520;1109
150530;10480
150540;1029
150543;4881
150548;2921
150549;378
150550;25484
150553;75764
150555;746
150560;547
150563;1598
150565;1150
150570;1059
150580;5895
150590;2012
150600;2563
150610;1661
150611;958
150613;18834
150616;4093
150618;4574
150619;2794
150620;5613
150630;2093
150635;2480
150640;1266
150650;11396
150655;1758
150658;3856
150660;2324
150670;5294
150680;62910
150690;684
150700;1902
150710;1390
150715;2818
150720;2495
150730;7290
150740;1539
150745;3769
150746;335
150747;1747
150750;968
150760;6642
150770;1238
150775;1039
150780;827
150790;2045
150795;16134
150796;868
150797;1868
150800;11385
150803;1749
150805;1122
150808;7462
150810;13605
150812;5091
150815;3329
150820;2374
150830;14491
150835;1409
150840;11772
160005;398
160010;907
160015;1238
160020;762
160021;130
160023;497
160025;171
160027;3706
160030;130100
160040;1186
160050;3109
160053;2118
160055;325
160060;12796
160070;801
160080;152
170025;319
170030;1643
170035;826
170040;1475
170070;1885
170100;1033
170105;272
170110;811
170130;549
170190;779
170200;1545
170210;44397
170215;576
170220;3470
170230;752
170240;1018
170255;2328
170270;213
170290;1023
170300;1075
170305;896
170307;392
170310;557
170320;475
170330;367
170360;354
170370;700
170380;696
170382;202
170384;1537
170386;1463
170388;389
170389;224
170390;1110
170410;242
170460;502
170510;582
170550;5184
170555;390
170560;335
170600;660
170610;1012
170625;355
170650;947
170700;2888
170710;1387
170720;715
170730;1307
170740;545
170755;514
170765;800
170770;709
170820;2885
170825;700
170830;513
170900;919
170930;3698
170950;19849
170980;253
171050;551
171070;463
171090;377
171110;480
171150;495
171180;264
171190;3294
171195;333
171200;520
171215;176
171240;255
171245;576
171250;944
171270;546
171280;322
171320;2763
171330;1887
171360;952
171370;244
171380;400
171395;506
171420;1229
171430;354
171488;1691
171500;464
171510;630
171515;227
171525;328
171550;255
171570;776
171575;1346
171610;10441
171620;1150
171630;454
171650;2882
171660;1532
171665;521
171670;914
171700;380
171720;573
171750;1517
171780;227
171790;718
171800;280
171820;12237
171830;251
171840;373
171845;440
171850;235
171855;377
171865;346
171870;412
171875;465
171880;198
171884;585
171886;873
171888;284
171889;603
171890;691
171900;403
172000;156
172010;734
172015;265
172020;613
172025;414
172030;318
172049;620
172065;835
172080;1102
172085;475
172090;1517
172093;269
172097;593
172100;190857
172110;691
172120;2676
172125;317
172130;218
172208;845
172210;2044
210005;20657
210010;339
210015;111
210020;1557
210030;3123
210040;281
210043;1309
210047;2614
210050;1789
210055;390
210060;1207
210070;836
210080;1153
210083;172
210087;275
210090;383
210095;1164
210100;2179
210110;732
210120;11344
210125;1472
210130;888
210135;431
210140;28269
210150;1776
210160;8535
210170;4857
210173;515
210177;364
210180;491
210190;818
210193;200
210197;217
210200;1830
210203;2335
210207;552
210210;733
210215;265
210220;2372
210230;864
210232;4097
210235;493
210237;104
210240;503
210250;582
210255;1971
210260;1073
210270;1521
210275;323
210280;3194
210290;1326
210300;13995
210310;436
210312;366
210315;153
210317;1017
210320;5866
210325;1251
210330;13719
210340;4084
210350;3962
210355;1538
210360;5959
210370;706
210375;3069
210380;1554
210390;1693
210400;1434
210405;4560
210407;379
210408;429
210409;1438
210410;1367
210420;352
210430;2065
210440;362
210450;134
210455;2995
210460;611
210462;239
210465;373
210467;1337
210470;163
210480;5695
210490;550
210500;1169
210510;1638
210515;1015
210520;212
210530;68977
210535;118
210540;5518
210542;3294
210545;30
210547;85
210550;1539
210560;558
210565;644
210570;2191
210580;506
210590;216
210592;422
210594;574
210596;419
210598;1136
210600;192
210610;1485
210620;79
210630;1689
210632;878
210635;343
210637;219
210640;908
210650;1102
210660;1562
210663;609
210667;184
210670;1117
210675;733
210680;194
210690;317
210700;423
210710;334
210720;640
210725;412
210730;405
210735;632
210740;407
210745;1003
210750;11046
210760;790
210770;1027
210780;2963
210790;632
210800;1609
210805;837
210810;360
210820;5021
210825;501
210830;784
210840;693
210845;513
210850;2259
210860;8663
210870;1487
210880;1445
210890;143
210900;2889
210905;267
210910;6004
210920;486
210923;515
210927;640
210930;459
210940;373
210945;2161
210950;2371
210955;670
210960;3480
210970;1238
210975;320
210980;997
210990;13308
211000;4614
211003;2374
211010;1846
211020;1544
211023;459
211027;716
211030;2611
211040;939
211050;1653
211060;1641
211065;946
211070;2674
211080;409
211085;990
211090;76
211100;443
211102;552
211105;1095
211107;510
211110;2410
211120;20938
211125;302
211130;426645
211140;1480
211150;2116
211153;811
211157;518
211160;4553
211163;332
211167;673
211170;791
211172;593
211174;314
211176;682
211178;181
211180;1218
211190;756
211195;232
211200;2920
211210;2185
211220;18182
211223;1538
211227;26
211230;1610
211240;259
211245;698
211250;2191
211260;2488
211270;4340
211280;2177
211285;955
211290;2116
211300;2421
211400;2623
220005;327
220010;190
220020;1837
220025;260
220027;244
220030;790
220040;4995
220045;703
220050;1076
220060;371
220070;606
220080;591
220090;411
220095;283
220100;285
220105;306
220110;511
220115;4206
220117;243
220120;3143
220130;289
220140;533
220150;1502
220155;253
220157;328
220160;603
220170;362
220173;361
220177;413
220180;378
220190;4910
220191;484
220192;217
220194;312
220196;617
220198;274
220200;1616
220202;519
220205;913
220207;312
220208;1481
220209;349
220210;413
220211;384
220213;352
220217;310
220220;5484
220225;353
220230;2153
220240;654
220245;554
220250;473
220253;314
220255;559
220260;1224
220265;391
220270;1598
220271;307
220272;284
220273;247
220275;377
220277;382
220280;257
220285;379
220290;3149
220300;387
220310;948
220320;761
220323;729
220325;390
220327;566
220330;1699
220335;373
220340;361
220342;254
220345;468
220350;1580
220360;318
220370;3349
220375;376
220380;324
220385;203
220390;12242
220400;290
220410;362
220415;194
220420;396
220430;319
220435;363
220440;886
220450;1124
220455;366
220460;204
220465;551
220470;762
220480;460
220490;393
220500;721
220510;717
220515;383
220520;1055
220525;251
220527;34
220530;595
220535;262
220540;819
220545;182
220550;3228
220551;640
220552;486
220553;420
220554;157
220555;448
220556;803
220557;432
220558;491
220559;227
220560;378
220570;2670
220580;1443
220585;577
220590;333
220595;898
220600;411
220605;313
220610;819
220620;1532
220630;290
220635;345
220640;715
220650;312
220660;1295
220665;407
220667;425
220669;525
220670;433
220672;1333
220675;334
220680;414
220690;404
220695;184
220700;4171
220710;221
220720;522
220730;227
220735;317
220740;370
220750;738
220755;190
220760;619
220770;26996
220775;335
220777;255
220779;290
220780;1733
220785;248
220790;2384
220793;367
220795;248
220800;16159
220810;481
220820;688
220830;2536
220840;9778
220850;586
220855;266
220860;157
220865;604
220870;683
220880;1472
220885;340
220887;375
220890;1770
220900;411
220910;331
220915;329
220920;1277
220930;477
220935;251
220937;271
220940;270
220945;184
220950;276
220955;248
220960;212
220965;349
220970;405
220975;298
220980;473
220985;257
220987;447
220990;380
220995;254
220997;446
221000;2544
221005;397
221010;330
221020;339
221030;336
221035;321
221037;152
221038;263
221039;212
221040;1085
221050;767
221060;3954
221062;294
221063;1518
221065;385
221070;877
221080;1133
221090;290
221093;447
221095;258
221097;202
221100;323938
221110;5744
221120;5684
221130;2232
221135;222
221140;256
221150;201
221160;245
221170;300
230010;1813
230015;1572
230020;4578
230030;3718
230040;1237
230050;896
230060;934
230070;2135
230075;3828
230080;765
230090;934
230100;22950
230110;11916
230120;4642
230125;1260
230130;1241
230140;917
230150;419
230160;1775
230170;3273
230180;431
230185;1829
230190;12992
230195;1448
230200;1581
230205;1768
230210;4800
230220;7357
230230;1978
230240;4449
230250;9754
230260;7110
230270;2540
230280;7836
230290;1710
230300;1379
230310;1295
230320;1909
230330;1059
230340;1588
230350;10396
230360;567
230365;97
230370;46561
230380;1655
230390;1716
230393;540
230395;2304
230400;1443
230410;9716
230420;19269
230423;856
230425;3434
230426;788
230427;643
230428;49669
230430;1372
230435;2334
230440;818051
230445;2281
230450;4603
230460;723
230465;653
230470;3362
230480;704
230490;1217
230495;2445
230500;3100
230510;1031
230520;1574
230523;22351
230526;870
230530;1522
230533;726
230535;3365
230540;4671
230550;15947
230560;1642
230565;1255
230570;1142
230580;3888
230590;2189
230600;1100
230610;1817
230620;629
230625;10439
230630;5049
230640;16161
230650;669
230655;2793
230660;929
230670;1646
230680;1704
230690;4180
230700;4216
230710;1954
230720;846
230725;5055
230730;56246
230740;1589
230750;2066
230760;10934
230763;1575
230765;70208
230770;14377
230780;4022
230790;402
230800;3678
230810;5241
230820;1391
230830;2092
230835;659
230837;2351
230840;5011
230850;3144
230860;296
230870;11033
230880;425
230890;2418
230900;1343
230910;834
230920;1620
230930;4144
230940;510
230945;1238
230950;1569
230960;9943
230970;11069
230980;1398
230990;927
231000;1663
231010;640
231020;4501
231025;4612
231030;2887
231040;805
231050;2469
231060;1008
231070;4768
231080;4497
231085;2661
231090;1299
231095;976
231100;1302
231110;1571
231120;827
231123;388
231126;1821
231130;10677
231135;1116
231140;21800
231150;3703
231160;2979
231170;1626
231180;11735
231190;874
231195;2079
231200;1723
231210;1121
231220;9133
231230;6205
231240;17272
231250;454
231260;1021
231270;3172
231280;820
231290;53524
231300;3343
231310;2678
231320;2598
231325;626
231330;6935
231335;1744
231340;13036
231350;5066
231355;1746
231360;3504
231370;1224
231375;1793
231380;3475
231390;636
231395;2751
231400;3497
231410;3818
240010;1431
240020;9222
240030;822
240040;262
240050;834
240060;319
240070;3179
240080;1050
240090;347
240100;4226
240110;4496
240120;4020
240130;500
240140;3207
240145;4248
240150;446
240160;463
240165;329
240170;559
240180;1189
240185;697
240190;234
240200;11994
240210;583
240220;3417
240230;1436
240240;1308
240250;828
240260;7161
240270;770
240280;346
240290;259
240300;1386
240310;6411
240320;387
240325;50979
240330;646
240340;707
240350;1508
240360;4656
240370;442
240375;279
240380;840
240390;285
240400;355
240410;1137
240420;3438
240430;1386
240440;1910
240450;3637
240460;872
240470;1610
240480;282
240485;1202
240490;439
240500;464
240510;1003
240520;619
240530;439
240540;425
240550;293
240560;1600
240570;1675
240580;4241
240590;362
240600;462
240610;2703
240615;227
240620;440
240630;698
240640;293
240650;1635
240660;517
240670;1461
240680;454
240690;316
240700;495
240710;13865
240720;4723
240725;277
240730;379
240740;1058
240750;1184
240760;435
240770;820
240780;1881
240790;377
240800;78957
240810;310744
240820;3459
240830;2611
240840;441
240850;501
240860;185
240870;255
240880;376
240890;4001
240895;1610
240910;1043
240920;304
240930;813
240933;445
240940;5113
240950;412
240960;284
240970;720
240980;834
240990;1799
241000;220
241010;848
241020;565
241025;1127
241030;1209
241040;1033
241050;221
241060;296
241070;271
241080;319
241090;1109
241100;460
241105;1193
241110;322
241120;3951
241140;901
241142;633
241150;1634
241160;928
241170;466
241180;541
241190;426
241200;16562
241210;374
241220;8423
241230;921
241240;1066
241250;1505
241255;1417
241260;1838
241270;454
241280;448
241290;955
241300;703
241310;522
241320;345
241330;423
241335;1316
241340;1248
241350;500
241355;343
241360;517
241370;313
241380;200
241390;1413
241400;1136
241410;564
241415;525
241420;4828
241430;346
241440;3351
241445;390
241450;848
241460;1268
241470;456
241475;257
241480;909
241490;201
241500;393
250010;835
250020;269
250030;2562
250040;1448
250050;1629
250053;642
250057;427
250060;5854
250070;1915
250073;296
250077;647
250080;1351
250090;953
250100;1308
250110;1838
250115;276
250120;694
250130;289
250135;446
250140;407
250150;2168
250153;394
250157;527
250160;724
250170;478
250180;10841
250190;2274
250200;509
250205;456
250210;415
250215;1249
250220;515
250230;474
250240;630
250250;1713
250260;428
250270;321
250280;996
250290;548
250300;6132
250310;453
250320;24061
250330;819
250340;271
250350;1117
250355;580
250360;518
250370;12497
250375;273
250380;693
250390;629
250400;117692
250403;612
250407;412
250410;279
250415;741
250420;360
250430;4251
250435;484
250440;1376
250450;501
250460;8367
250470;321
250480;674
250485;390
250490;2554
250500;579
250510;1658
250520;733
250523;563
250527;529
250530;269
250535;401
250540;520
250550;331
250560;345
250570;774
250580;400
250590;513
250600;3848
250610;607
250620;283
250625;481
250630;12087
250640;1596
250650;355
250660;281
250670;511
250680;2299
250690;2535
250700;2973
250710;2031
250720;1394
250730;1299
250740;786
250750;254219
250760;664
250770;1587
250780;641
250790;850
250800;427
250810;520
250820;659
250830;2426
250840;367
250850;570
250855;357
250860;2283
250870;386
250880;540
250890;9338
250900;440
250905;921
250910;1814
250915;482
250920;1093
250930;1357
250933;235
250937;309
250939;444
250940;1382
250950;480
250960;341
250970;3751
250980;836
250990;588
251000;455
251010;781
251020;434
251030;416
251040;434
251050;224
251060;340
251065;322
251070;325
251080;17504
251090;681
251100;295
251110;1214
251120;6079
251130;1419
251140;1578
251150;1809
251160;806
251170;441
251180;756
251190;2473
251200;1701
251203;421
251207;448
251210;3498
251220;437
251230;1982
251240;927
251250;4201
251260;267
251270;1974
251272;501
251274;487
251275;540
251276;398
251278;473
251280;830
251290;4573
251300;295
251310;2256
251315;656
251320;524
251330;469
251335;322
251340;1899
251350;389
251360;375
251365;238
251370;24783
251380;559
251385;332
251390;3332
251392;222
251394;219
251396;518
251398;323
251400;775
251410;353
251420;531
251430;336
251440;423
251445;422
251450;1523
251455;228
251460;161
251465;233
251470;402
251480;485
251490;610
251500;809
251510;839
251520;368
251530;5476
251540;623
251550;1111
251560;417
251570;377
251580;467
251590;406
251593;637
251597;698
251600;2583
251610;2271
251615;401
251620;11057
251630;1742
251640;885
251650;1284
251660;989
251670;1234
251675;308
251680;1253
251690;1329
251700;1109
251710;291
251720;313
251740;130
260005;11700
260010;4221
260020;1559
260030;2325
260040;2411
260050;2803
260060;1413
260070;4147
260080;1256
260090;1943
260100;885
260105;1709
260110;10012
260120;10331
260130;1177
260140;5582
260150;533
260160;2647
260170;16022
260180;996
260190;10471
260200;1613
260210;3094
260220;2990
260230;4512
260240;1021
260250;637
260260;4229
260270;1184
260280;3439
260290;48871
260300;2410
260310;1325
260320;1066
260330;540
260340;393
260345;19722
260350;1430
260360;4563
260370;1815
260380;1067
260390;1153
260392;736
260400;13541
260410;87337
260415;584
260420;2685
260430;732
260440;801
260450;1792
260460;2122
260470;1097
260480;1201
260490;657
260500;2771
260510;3458
260515;2480
260520;9281
260530;1782
260540;1662
260545;2565
260550;1714
260560;3025
260570;3574
260580;837
260590;1838
260600;22233
260610;3408
260620;30029
260630;499
260640;12998
260650;826
260660;1697
260670;969
260680;26599
260690;430
260700;1435
260710;277
260720;39856
260730;1024
260740;415
260750;1238
260760;1874
260765;6594
260770;862
260775;8011
260780;1159
260790;110574
260795;1239
260800;2155
260805;1407
260810;1695
260820;1495
260825;557
260830;1066
260840;925
260845;2423
260850;6800
260860;708
260870;734
260875;3860
260880;3961
260890;10622
260900;2585
260910;2338
260915;1004
260920;1021
260930;839
260940;10177
260950;6862
260960;81153
260970;1765
260980;1719
260990;6162
261000;10259
261010;409
261020;1258
261030;1062
261040;1841
261050;2629
261060;8062
261070;56798
261080;1291
261090;7118
261100;4106
261110;94679
261120;857
261130;3459
261140;4612
261150;1103
261153;405
261160;723748
261170;1745
261180;4326
261190;7200
261200;1577
261210;578
261220;8546
261230;720
261240;1284
261245;968
261247;938
261250;16574
261255;887
261260;2752
261270;989
261280;1068
261290;1098
261300;6440
261310;3717
261320;1478
261330;1305
261340;3721
261350;3859
261360;3179
261370;12348
261380;1584
261390;13737
261400;1131
261410;2113
261420;10913
261430;622
261440;437
261450;8049
261460;2681
261470;1517
261480;1265
261485;4642
261500;3082
261510;482
261520;767
261530;9457
261540;7169
261550;1332
261560;3239
261570;1190
261580;1229
261590;458
261600;1169
261610;780
261618;756
261620;1287
261630;4550
261640;29760
261650;1749
270010;1062
270020;1530
270030;53065
270040;6886
270050;1520
270060;2653
270070;1442
270080;959
270090;484
270100;2169
270110;1030
270120;1555
270130;1807
270135;861
270140;6301
270150;686
270160;2114
270170;1560
270180;650
270190;701
270200;525
270210;2025
270220;577
270230;15117
270235;3177
270240;5837
270250;1100
270255;569
270260;327
270270;572
270280;299
270290;667
270300;781
270310;1362
270320;5194
270330;702
270340;234
270350;873
270360;2847
270370;402
270375;1192
270380;1391
270390;324
270400;2908
270410;1336
270420;3195
270430;302559
270440;1032
270450;7152
270460;682
270470;15810
270480;1527
270490;441
270500;1612
270510;3347
270520;2567
270530;688
270540;975
270550;5123
270560;1030
270570;2420
270580;558
270590;383
270600;1424
270610;1216
270620;605
270630;9504
270640;1453
270642;514
270644;1455
270650;2202
270660;655
270670;7593
270680;1563
270690;6534
270700;294
270710;2043
270720;739
270730;2244
270740;2200
270750;419
270760;1026
270770;19566
270780;858
270790;822
270800;6364
270810;846
270820;596
270830;6289
270840;2107
270850;6935
270860;13423
270870;2539
270880;2319
270890;1848
270895;778
270900;375
270910;1244
270915;6762
270920;2165
270930;8057
270940;3675
280010;325
280020;1701
280030;231227
280040;959
280050;1477
280060;5510
280067;2242
280070;1166
280100;1869
280110;454
280120;2924
280130;5467
280140;2106
280150;3859
280160;707
280170;2294
280190;407
280200;409
280210;12331
280220;515
280230;2343
280240;828
280250;400
280260;652
280270;502
280280;1057
280290;21987
280300;3762
280310;585
280320;4312
280330;2169
280340;1801
280350;16941
280360;7451
280370;478
280380;824
280390;983
280400;1941
280410;791
280420;1271
280430;870
280440;2434
280445;596
280450;7182
280460;3791
280470;431
280480;27899
280490;2218
280500;231
280510;626
280520;583
280530;892
280540;1692
280550;2277
280560;2711
280570;4086
280580;842
280590;1615
280600;2034
280610;2255
280620;1315
280630;860
280640;1104
280650;590
280660;1183
280670;15499
280680;834
280690;546
280700;461
280710;5767
280720;815
280730;505
280740;5122
280750;816
280760;2395
290010;483
290020;1302
290030;1085
290035;1070
290040;1136
290050;734
290060;483
290070;28686
290080;1807
290090;634
290100;5183
290110;3064
290115;650
290120;2578
290130;1301
290135;2525
290140;1133
290150;1312
290160;1053
290170;740
290180;894
290190;1615
290195;562
290200;1264
290205;1704
290210;3240
290220;735
290225;1330
290230;728
290240;1611
290250;1188
290260;1099
290265;670
290270;3136
290280;3073
290290;3177
290300;673
290310;744
290320;39457
290323;781
290327;1900
290330;963
290340;2578
290350;1492
290360;1503
290370;1101
290380;1144
290390;9942
290395;432
290400;1021
290405;1092
290410;1240
290420;630
290430;892
290440;725
290450;727
290460;15532
290470;1625
290475;1066
290480;739
290485;1229
290490;4133
290500;4028
290510;584
290515;669
290520;7807
290530;1779
290540;4184
290550;612
290560;3568
290570;86123
290580;4886
290590;2019
290600;5006
290610;880
290620;1458
290630;3817
290640;609
290650;17504
290660;843
290670;1529
290680;2565
290682;952
290685;816
290687;5933
290689;625
290690;2849
290700;733
290710;1470
290720;9226
290730;4079
290740;365
290750;10230
290755;1654
290760;1025
290770;485
290780;3399
290790;1043
290800;1675
290810;3356
290820;3747
290830;2178
290840;7508
290850;11826
290860;2042
290870;1507
290880;391
290890;2806
290900;629
290910;991
290920;2895
290930;7513
290940;1032
290950;425
290960;1662
290970;868
290980;12571
290990;2378
291000;1976
291005;14673
291010;1043
291020;421
291030;683
291040;980
291050;4941
291060;5510
291070;4491
291072;26787
291075;1356
291077;542
291080;142873
291085;1116
291090;2207
291100;1445
291110;6645
291120;3984
291125;408
291130;2526
291140;933
291150;1228
291160;3016
291165;1229
291170;16915
291180;2007
291185;883
291190;3101
291200;1079
291210;1927
291220;5665
291230;2325
291240;1228
291250;1071
291260;337
291270;1589
291280;2579
291290;2065
291300;617
291310;606
291320;3316
291330;546
291340;1043
291345;1488
291350;1229
291360;36264
291370;3359
291380;1245
291390;5880
291400;6538
291410;964
291420;458
291430;590
291440;1645
291450;2780
291460;15618
291465;4824
291470;11675
291480;42989
291490;5736
291500;641
291510;1116
291520;3700
291530;1011
291535;1383
291540;961
291550;2203
291560;7647
291570;610
291580;2397
291590;1715
291600;1459
291610;2720
291620;1251
291630;1520
291640;16755
291650;2827
291660;1488
291670;501
291680;2728
291685;2684
291690;905
291700;2071
291710;2716
291720;1313
291730;2613
291733;876
291735;3836
291740;1039
291750;12932
291760;4651
291770;5304
291780;1321
291790;1175
291800;27967
291810;2727
291820;1010
291830;1376
291835;1481
291840;46699
291845;753
291850;755
291855;834
291860;650
291870;963
291875;1064
291880;1942
291890;871
291900;363
291905;537
291910;519
291915;1802
291920;131599
291930;1243
291940;1071
291950;4080
291955;36670
291960;491
291970;962
291980;3090
291990;683
291992;3441
291995;400
292000;1313
292010;1224
292020;1410
292030;973
292040;902
292045;586
292050;3909
292060;2404
292070;2738
292080;780
292090;1249
292100;17036
292105;961
292110;4292
292120;2089
292130;1183
292140;1054
292145;581
292150;2755
292160;511
292170;2899
292180;886
292190;4500
292200;9612
292205;914
292210;1159
292220;766
292225;1239
292230;3040
292240;3202
292250;3273
292260;749
292265;805
292270;1536
292273;678
292275;588
292280;646
292285;448
292290;1705
292300;5675
292303;1006
292305;889
292310;1270
292320;1692
292330;1249
292335;1580
292340;1350
292350;842
292360;2830
292370;1650
292380;2131
292390;873
292400;17950
292405;954
292410;516
292420;1060
292430;1011
292440;1809
292450;789
292460;1398
292465;778
292467;796
292470;592
292480;1079
292490;498
292500;2194
292510;4051
292520;9293
292525;932
292530;37399
292540;1185
292550;4984
292560;533
292570;839
292575;1875
292580;1580
292590;448
292593;1111
292595;1796
292600;3889
292610;1209
292620;3553
292630;3122
292640;2472
292650;1967
292660;6236
292665;879
292670;714
292680;815
292690;786
292700;3968
292710;1755
292720;3904
292730;1163
292740;828539
292750;1920
292760;1077
292770;6297
292780;716
292790;946
292800;3757
292805;873
292810;5245
292820;2655
292830;724
292840;1845
292850;1081
292860;6564
292870;27001
292880;11073
292890;10473
292895;534
292900;1568
292905;2475
292910;1507
292920;9522
292925;1115
292930;9149
292935;632
292937;1010
292940;866
292950;5071
292960;2287
292970;1921
292975;1989
292980;701
292990;5294
293000;775
293010;9313
293015;2539
293020;3501
293030;1483
293040;1349
293050;12133
293060;1084
293070;47811
293075;1354
293076;749
293077;2883
293080;701
293090;1031
293100;1761
293105;1232
293110;525
293120;1548
293130;1049
293135;28202
293140;829
293150;1218
293160;1200
293170;1733
293180;1025
293190;3549
293200;1688
293210;2584
293220;2722
293230;1954
293240;859
293245;1657
293250;3730
293260;2033
293270;1796
293280;2492
293290;16885
293300;3179
293305;821
293310;799
293315;1098
293317;1030
293320;5463
293325;700
293330;86853
293340;544
293345;1219
293350;1571
293360;3133
310010;1404
310020;4448
310030;2104
310040;560
310050;635
310060;967
310070;521
310080;896
310090;2249
310100;1183
310110;3802
310120;1498
310130;435
310140;540
310150;5449
310160;25173
310163;1104
310170;6444
310180;920
310190;3001
310200;1859
310205;649
310210;891
310220;478
310230;2727
310240;533
310250;467
310260;11181
310270;727
310280;2023
310285;950
310290;2108
310300;3328
310310;299
310320;705
310330;246
310340;5755
310350;30014
310360;655
310370;437
310375;3405
310380;714
310390;1836
310400;34212
310410;2470
310420;15105
310430;2095
310440;529
310445;388
310450;3165
310460;3561
310470;1442
310480;835
310490;4043
310500;1020
310510;5115
310520;395
310530;970
310540;9898
310550;658
310560;30403
310570;978
310590;3821
310600;1532
310610;667
310620;1202881
310630;8773
310640;1135
310650;653
310660;475
310665;609
310670;122234
310680;291
310690;3030
310700;343
310710;9649
310720;723
310730;10241
310740;12152
310750;1346
310760;607
310770;1606
310780;1257
310790;1070
310800;2817
310810;740
310820;1276
310825;620
310830;3105
310840;2754
310850;605
310855;2431
310860;3185
310870;424
310880;453
310890;1837
310900;13552
310910;1203
310920;1110
310925;434
310930;5031
310940;4864
310945;1226
310950;1965
310960;545
310970;2209
310980;772
310990;2344
311000;6000
311010;491
311020;772
311030;2559
311040;325
311050;6616
311060;7958
311070;1879
311080;586
311090;3771
311100;3112
311110;3643
311115;396
311120;13639
311130;2105
311140;3041
311150;2632
311160;4773
311170;497
311180;3091
311190;766
311200;3040
311205;671
311210;536
311220;482
311230;7053
311240;1472
311250;1121
311260;3320
311265;377
311270;2943
311280;3064
311290;690
311300;1116
311310;360
311320;4457
311330;5643
311340;22411
311350;1816
311360;1139
311370;3842
311380;370
311390;3008
311400;2674
311410;2620
311420;5751
311430;5770
311440;4175
311450;4037
311455;2727
311460;929
311470;431
311480;570
311490;437
311500;738
311510;3310
311520;428
311530;17583
311535;2041
311540;391
311545;829
311547;398
311550;3735
311560;210
311570;712
311580;1267
311590;435
311600;583
311610;637
311615;1438
311620;326
311630;490
311640;1061
311650;675
311660;11773
311670;1055
311680;712
311690;3174
311700;419
311710;1299
311720;272
311730;6982
311740;409
311750;8886
311760;2014
311770;2357
311780;2529
311783;444
311787;6129
311790;1636
311800;20909
311810;450
311820;1573
311830;28186
311840;3129
311850;269
311860;233322
311870;1520
311880;1672
311890;934
311900;514
311910;3510
311920;817
311930;6771
311940;22712
311950;824
311960;538
311970;649
311980;752
311990;308
311995;1886
312000;490
312010;653
312015;588
312020;3542
312030;641
312040;926
312050;1713
312060;880
312070;815
312080;3351
312083;626
312087;637
312090;23343
312100;760
312110;983
312120;2230
312125;5356
312130;1054
312140;1357
312150;417
312160;11623
312170;298
312180;969
312190;653
312200;2223
312210;563
312220;507
312230;64422
312235;970
312240;865
312245;626
312247;420
312250;696
312260;525
312270;1076
312280;351
312290;1359
312300;3482
312310;800
312320;2468
312330;669
312340;320
312350;433
312352;553
312360;6368
312370;1670
312380;853
312385;384
312390;2232
312400;2758
312410;8317
312420;3916
312430;3449
312440;740
312450;2094
312460;403
312470;524
312480;1197
312490;1609
312500;497
312510;39793
312520;373
312530;486
312540;540
312550;468
312560;594
312570;2677
312580;412
312590;1066
312595;753
312600;1514
312610;21840
312620;1165
312630;517
312640;515
312650;557
312660;1026
312670;2841
312675;678
312680;528
312690;1274
312695;273
312700;2286
312705;398
312707;405
312710;16951
312720;1432
312730;951
312733;374
312735;409
312737;414
312738;680
312740;761
312750;389
312760;2247
312770;62386
312780;2054
312790;493
312800;8167
312810;2216
312820;2354
312825;511
312830;5996
312840;1654
312850;820
312860;2020
312870;15297
312880;1309
312890;1106
312900;1135
312910;766
312920;1148
312930;1029
312940;734
312950;6055
312960;655
312965;379
312970;2544
312980;20024
312990;450
313000;425
313005;830
313010;8974
313020;3280
313030;1583
313040;1914
313050;2331
313055;569
313060;1118
313065;611
313070;3251
313080;742
313090;2941
313100;1398
313110;1080
313115;1820
313120;3075
313130;75557
313140;1746
313150;1470
313160;1542
313170;36420
313180;1341
313190;23288
313200;710
313210;2061
313220;3490
313230;913
313240;26457
313250;5618
313260;618
313270;2904
313280;208
313290;1746
313300;3855
313310;4795
313320;1274
313330;2785
313340;3247
313350;4213
313360;3315
313370;6654
313375;3810
313380;32438
313390;605
313400;1803
313410;670
313420;23779
313430;586
313440;12318
313450;780
313460;2546
313470;1289
313480;1100
313490;8612
313500;855
313505;10054
313507;493
313510;13762
313520;6582
313530;915
313535;499
313540;4251
313545;517
313550;1732
313560;899
313570;1192
313580;2065
313590;866
313600;1254
313610;389
313620;23163
313630;15283
313640;567
313650;861
313652;356
313655;574
313657;744
313660;757
313665;10085
313670;161218
313680;510
313690;2479
313695;483
313700;960
313710;1207
313720;14732
313730;427
313740;2253
313750;4186
313753;1672
313760;19655
313770;2696
313780;3406
313790;352
313800;1134
313810;2156
313820;33087
313830;470
313835;509
313840;10619
313850;674
313860;3217
313862;3145
313865;719
313867;347
313868;467
313870;1187
313880;4512
313890;468
313900;9868
313910;1134
313920;1796
313925;360
313930;1735
313940;24109
313950;3961
313960;4059
313970;1782
313980;3407
313990;1608
314000;21798
314010;661
314015;2312
314020;909
314030;547
314040;354
314050;4695
314053;716
314055;555
314060;404
314070;7315
314080;6098
314085;1399
314090;2893
314100;1333
314110;17551
314120;636
314130;933
314140;2002
314150;624
314160;1174
314170;770
314180;2713
314190;928
314200;1341
314210;1274
314220;2800
314225;363
314230;756
314240;1020
314250;338
314260;1770
314270;1423
314280;4376
314290;1905
314300;4660
314310;11283
314315;406
314320;4543
314330;102901
314340;5843
314345;870
314350;2640
314360;180
314370;352
314380;1067
314390;27188
314400;3209
314410;4389
314420;171
314430;6914
314435;749
314437;456
314440;602
314450;2258
314460;4313
314465;889
314467;410
314470;4570
314480;67718
314490;475
314500;4306
314505;1519
314510;1909
314520;28301
314530;2002
314535;666
314537;657
314540;422
314545;1437
314550;420
314560;10801
314570;393
314580;559
314585;639
314587;603
314590;18104
314600;7492
314610;25490
314620;557
314625;402
314630;1702
314640;563
314650;3119
314655;502
314660;310
314670;747
314675;419
314690;3623
314700;30921
314710;31779
314720;5960
314730;5515
314740;8857
314750;305
314760;3641
314770;1986
314780;552
314790;27975
314795;283
314800;52432
314810;25476
314820;941
314830;722
314840;546
314850;833
314860;1661
314870;2990
314875;309
314880;454
314890;1494
314900;383
314910;1507
314915;675
314920;811
314930;19128
314940;308
314950;807
314960;748
314970;2959
314980;7487
314990;5267
314995;779
315000;487
315010;453
315015;862
315020;728
315030;789
315040;533
315050;1937
315053;617
315057;620
315060;1046
315070;3194
315080;1562
315090;600
315100;1145
315110;2434
315120;15948
315130;2477
315140;4931
315150;9324
315160;1569
315170;2301
315180;52987
315190;782
315200;6604
315210;19048
315213;483
315217;931
315220;3802
315230;779
315240;1279
315250;61046
315260;1924
315270;1962
315280;7710
315290;1314
315300;740
315310;580
315320;543
315330;383
315340;4158
315350;794
315360;1881
315370;516
315380;362
315390;1149
315400;2840
315410;1282
315415;913
315420;1564
315430;2599
315440;930
315445;879
315450;1618
315460;37816
315470;848
315480;1869
315490;2351
315500;571
315510;309
315520;446
315530;625
315540;1160
315550;7992
315560;2089
315570;2663
315580;3994
315590;705
315600;903
315610;826
315620;621
315630;4242
315640;1019
315645;731
315650;447
315660;892
315670;23024
315680;1844
315690;9116
315700;7394
315710;671
315720;6671
315725;701
315727;527
315730;577
315733;1400
315737;310
315740;608
315750;471
315760;676
315765;398
315770;4531
315780;33555
315790;1342
315800;2079
315810;300
315820;1380
315830;1954
315840;459
315850;836
315860;489
315870;297
315880;705
315890;873
315895;6495
315900;938
315910;420
315920;1376
315930;705
315935;1063
315940;555
315950;762
315960;14078
315970;507
315980;5490
315990;3397
316000;578
316010;590
316020;407
316030;655
316040;6280
316045;345
316050;223
316060;492
316070;6336
316080;399
316090;765
316095;731
316100;2540
316105;460
316110;5268
316120;1026
316130;1261
316140;579
316150;2797
316160;360
316165;463
316170;1659
316180;2273
316190;7144
316200;6286
316210;9645
316220;1663
316225;418
316230;423
316240;2306
316245;531
316250;23695
316255;1225
316257;1031
316260;790
316265;304
316270;2569
316280;1733
316290;6197
316292;11387
316294;1565
316295;6487
316300;550
316310;997
316320;484
316330;452
316340;730
316350;551
316360;410
316370;11611
316380;569
316390;618
316400;1221
316410;417
316420;1100
316430;1787
316440;2151
316443;375
316447;588
316450;471
316460;4314
316470;20891
316480;280
316490;420
316500;2128
316510;1476
316520;1548
316530;1891
316540;1451
316550;554
316553;10882
316555;433
316556;284
316557;1128
316560;453
316570;1032
316580;231
316590;539
316600;608
316610;348
316620;847
316630;760
316640;337
316650;311
316660;221
316670;1335
316680;5903
316690;1301
316695;393
316700;381
316710;2616
316720;72000
316730;331
316740;899
316750;537
316760;1112
316770;606
316780;752
316790;654
316800;5836
316805;558
316810;2675
316820;332
316830;520
316840;1430
316850;1488
316860;30552
316870;20313
316880;2732
316890;1403
316900;3060
316905;338
316910;885
316920;1216
316930;18891
316935;7542
316940;16012
316950;592
316960;6305
316970;4121
316980;902
316990;29373
317000;834
317005;1265
317010;109762
317020;250109
317030;318
317040;21802
317043;783
317047;470
317050;3955
317052;938
317057;616
317060;476
317065;519
317070;49741
317075;1592
317080;7106
317090;1254
317100;6838
317103;1245
317107;1104
317110;682
317115;362
317120;24866
317130;22995
317140;486
317150;958
317160;1988
317170;1532
317180;1436
317190;493
317200;12442
317210;1034
317220;355
320010;3995
320013;1340
320016;1306
320020;4427
320030;3778
320035;696
320040;7743
320050;806
320060;31966
320070;3677
320080;6085
320090;8638
320100;2281
320110;1755
320115;1458
320120;53492
320130;65722
320140;8797
320150;37253
320160;4503
320170;1575
320180;519
320190;7351
320200;950
320210;2857
320220;4108
320225;1223
320230;4715
320240;26519
320245;3268
320250;3505
320255;906
320260;4338
320265;1396
320270;1887
320280;8768
320290;2088
320300;3547
320305;5434
320310;1574
320313;3492
320316;1146
320320;54297
320330;961
320332;8777
320334;4650
320335;2458
320340;3690
320350;4076
320360;964
320370;2204
320380;1606
320390;11003
320400;1888
320405;4540
320410;5126
320420;3814
320425;1069
320430;3120
320435;2900
320440;1871
320450;1376
320455;9247
320460;5148
320465;1473
320470;6836
320480;1545
320490;28647
320495;2235
320500;168037
320501;5833
320503;3882
320506;6293
320510;21232
320515;855
320517;2490
320520;123208
320530;237195
330010;44272
330015;2277
330020;30874
330022;3165
330023;18286
330025;11693
330030;20141
330040;34143
330045;56968
330050;5555
330060;6694
330070;51301
330080;8768
330090;2114
330093;3488
330095;2940
330100;97192
330110;4356
330115;2142
330120;4201
330130;8128
330140;3453
330150;4732
330160;1444
330170;172202
330180;2371
330185;10553
330187;3838
330190;38360
330200;33436
330205;2185
330210;3954
330220;29511
330225;11046
330227;8849
330230;1463
330240;130321
330245;3536
330250;33710
330260;11969
330270;33703
330280;2960
330285;19829
330290;5335
330300;4380
330310;2571
330320;18208
330330;188160
330340;54656
330350;102741
330360;8627
330370;9421
330380;10509
330385;4683
330390;74820
330395;4679
330400;9888
330410;2349
330411;7694
330412;2846
330414;19978
330415;3991
330420;43233
330430;18012
330440;2709
330450;3075
330452;36844
330455;2248944
330460;1704
330470;9527
330475;4183
330480;5119
330490;110177
330500;21009
330510;67207
330513;1270
330515;4717
330520;17229
330530;1386
330540;4750
330550;20729
330555;14522
330560;5016
330570;2390
330575;4853
330580;40320
330590;1238
330600;23619
330610;13229
330615;1180
330620;9765
330630;84232
350010;14470
350020;988
350030;8478
350040;1337
350050;5932
350055;1895
350060;1337
350070;11150
350075;1159
350080;1212
350090;919
350100;4033
350110;637
350115;7576
350120;561
350130;3928
350140;972
350150;366
350160;84595
350170;11970
350180;656
350190;26968
350200;1332
350210;20541
350220;5609
350230;1179
350240;537
350250;11804
350260;952
350270;7578
350275;11933
350280;62398
350290;7681
350300;836
350310;1318
350315;376
350320;87785
350330;40107
350335;308
350340;1517
350350;939
350360;1589
350370;2417
350380;11457
350390;31853
350395;222
350400;29521
350410;49513
350420;2821
350430;1215
350440;2553
350450;27138
350460;5392
350470;606
350480;3332
350490;1847
350500;697
350510;858
350520;10007
350530;12376
350535;445
350540;838
350550;40111
350560;5715
350570;377876
350580;7219
350590;17624
350600;150721
350610;30814
350620;1125
350630;4001
350635;17556
350640;1932
350650;35413
350660;4595
350670;3333
350680;3828
350690;1929
350700;23575
350710;6669
350715;751
350720;1107
350730;1984
350740;3314
350745;777
350750;49196
350760;57015
350770;531
350775;472
350780;6356
350790;7797
350800;5218
350810;3636
350820;1851
350830;1117
350840;19283
350850;22876
350860;5513
350870;2485
350880;4563
350890;442
350900;30280
350910;1023
350920;55917
350925;7467
350930;1741
350940;6005
350945;891
350950;460134
350960;13488
350970;14716
350980;922
350990;1738
350995;1057
351000;7461
351010;826
351015;509
351020;10332
351030;5108
351040;19623
351050;34115
351060;47175
351070;1517
351080;8192
351090;580
351100;3973
351110;46080
351120;800
351130;3899
351140;5679
351150;14083
351160;7844
351170;3087
351190;1383
351200;7712
351210;5023
351220;6492
351230;3778
351240;11696
351250;1288
351260;989
351270;1234
351280;11233
351290;2893
351300;91459
351310;12968
351320;2083
351330;462
351340;19666
351350;31352
351360;2743
351370;12040
351380;104269
351385;431
351390;3101
351400;893
351410;5874
351420;310
351430;3282
351440;13747
351450;2567
351460;2466
351470;1184
351480;2686
351490;6395
351492;625
351495;366
351500;53572
351510;9589
351512;378
351515;4813
351518;14197
351519;828
351520;4198
351530;436
351535;783
351540;4048
351550;20506
351560;1776
351565;371
351570;23914
351580;297
351590;453
351600;1884
351610;726
351620;102267
351630;11334
351640;21693
351650;945
351660;1545
351670;11840
351680;343
351685;4178
351690;1467
351700;1715
351710;898
351720;2471
351730;760
351740;18495
351750;6160
351760;2332
351770;3375
351780;1191
351790;2979
351800;364
351810;1239
351820;7008
351830;9102
351840;34237
351850;3252
351860;9559
351870;54161
351880;410730
351885;1690
351890;689
351900;1745
351905;14331
351907;57858
351910;3111
351920;1043
351925;2234
351930;7704
351940;2496
351950;1165
351960;17541
351970;18720
351980;1667
351990;1304
352000;2745
352010;6651
352020;1859
352030;3369
352040;10556
352042;1992
352044;5309
352050;97602
352060;784
352070;549
352080;1007
352090;3521
352100;8334
352110;2011
352115;1301
352120;469
352130;2817
352140;8225
352150;1232
352160;1064
352170;3561
352180;6081
352190;4834
352200;866
352210;16584
352215;369
352220;31043
352230;48771
352240;23901
352250;42992
352260;26092
352265;699
352270;11026
352280;2523
352290;5314
352300;668
352310;62740
352320;11683
352330;1966
352340;41652
352350;3769
352360;5526
352370;865
352380;1232
352390;65094
352400;34468
352410;8469
352420;1028
352430;25364
352440;60207
352450;3526
352460;3981
352470;38885
352480;15315
352490;3474
352500;22945
352510;10519
352520;9871
352530;44756
352540;837
352550;2620
352560;549
352570;12676
352580;518
352585;1643
352590;196257
352600;6426
352610;2612
352620;4633
352630;812
352640;10160
352650;1442
352660;937
352670;26961
352680;29534
352690;104706
352700;2410
352710;31145
352720;19919
352725;266
352730;19017
352740;7132
352750;1150
352760;8258
352770;594
352780;683
352790;479
352800;4274
352810;1788
352820;571
352830;663
352840;10997
352850;18434
352860;2210
352870;847
352880;4769
352885;2069
352890;351
352900;78898
352910;358
352920;3808
352930;35545
352940;85531
352950;2889
352960;2185
352965;340
352970;3187
352980;1760
352990;5084
353000;446
353010;5004
353020;5523
353030;17922
353040;1110
353050;20280
353060;127238
353070;47277
353080;37824
353090;964
353100;435
353110;10643
353120;1465
353130;14794
353140;4804
353150;6342
353160;788
353170;724
353180;17723
353190;9684
353200;4083
353205;801
353210;494
353215;473
353220;3658
353230;888
353240;3617
353250;1748
353260;1958
353270;672
353280;1980
353282;2189
353284;257
353286;318
353290;3787
353300;3427
353310;239
353320;2155
353325;836
353330;300
353340;24027
353350;10952
353360;4492
353370;1048
353380;364
353390;20171
353400;2599
353410;1123
353420;3470
353430;13777
353440;215563
353450;503
353460;8959
353470;33534
353475;3123
353480;909
353490;2274
353500;3350
353510;1096
353520;1392
353530;4614
353540;3084
353550;10667
353560;2871
353570;2131
353580;5928
353590;763
353600;3435
353610;2694
353620;5080
353625;432
353630;5457
353640;2351
353650;58589
353657;446
353660;1208
353670;14287
353680;1084
353690;407
353700;3744
353710;14423
353715;833
353720;1056
353730;17792
353740;5818
353750;2749
353760;11499
353770;1079
353780;8995
353790;7025
353800;40661
353810;3150
353820;2338
353830;612
353850;1531
353860;5558
353870;151618
353880;7685
353890;5206
353900;2710
353910;3472
353920;6147
353930;25610
353940;2809
353950;9235
353960;3213
353970;639
353980;28280
353990;1198
354000;9168
354010;530
354020;12227
354025;434
354030;1131
354040;541
354050;1698
354060;18531
354070;17446
354075;2075
354080;5439
354085;450
354090;8509
354100;66631
354105;1414
354110;531
354120;2737
354130;6537
354140;76505
354150;7983
354160;9785
354165;699
354170;4388
354180;2870
354190;2203
354200;1673
354210;3008
354220;7695
354230;730
354240;5618
354250;2451
354260;18675
354270;1654
354280;457
354290;2648
354300;3675
354310;841
354320;791
354323;349
354325;768
354330;23667
354340;265803
354350;705
354360;1344
354370;1743
354380;2058
354390;70852
354400;8663
354410;3557
354420;1637
354425;2535
354430;2694
354440;444
354450;704
354460;657
354470;391
354480;1044
354490;3015
354500;2281
354510;528
354515;2126
354520;35261
354530;7799
354540;1700
354550;2125
354560;4915
354570;2181
354580;54497
354600;2468
354610;831
354620;1261
354625;534
354630;5126
354640;17233
354650;787
354660;9738
354670;10312
354680;12017
354690;721
354700;1339
354710;636
354720;236
354730;66814
354740;349
354750;11145
354760;4945
354765;320
354770;5062
354780;234612
354790;1269
354800;9275
354805;1924
354810;1315
354820;1266
354830;372
354840;606
354850;201307
354860;1990
354870;292340
354880;111730
354890;92006
354900;195
354910;31878
354920;322
354925;267
354930;282
354940;16028
354950;976
354960;539
354970;15735
354980;161331
354990;215255
354995;5480
355000;1892
355010;9028
355020;5403
355030;5138980
355040;7653
355050;1791
355060;27852
355070;26050
355080;3003
355090;4208
355100;45723
355110;2746
355120;667
355130;2460
355140;1447
355150;9079
355160;6797
355170;52686
355180;2049
355190;2899
355200;889
355210;8969
355220;240957
355230;1490
355240;73948
355250;72322
355255;2287
355260;2197
355270;3371
355280;76842
355290;939
355300;4691
355310;717
355320;990
355330;6541
355340;6013
355350;1159
355360;2992
355365;676
355370;15066
355380;5776
355385;2028
355390;1143
355395;5949
355400;33389
355410;92969
355420;853
355430;3920
355440;1184
355450;15506
355460;412
355465;255
355470;2466
355475;484
355480;7714
355490;1474
355495;710
355500;19367
355510;3312
355520;275
355530;362
355535;1539
355540;23204
355550;1512
355560;1540
355570;320
355580;1423
355590;299
355600;3425
355610;3852
355620;49854
355630;7163
355635;1365
355640;9133
355645;15926
355650;21255
355660;1419
355670;43656
355680;3296
355690;4161
355695;253
355700;25983
355710;30421
355715;780
355720;2647
355730;2368
410010;805
410020;1298
410030;1264
410040;15892
410045;535
410050;3308
410060;2375
410070;1151
410080;1811
410090;696
410100;6045
410105;596
410110;4331
410115;664
410120;3285
410130;769
410140;39464
410150;39944
410160;7408
410165;493
410170;3069
410180;53735
410185;328
410190;2857
410200;10410
410210;6016
410220;910
410230;4176
410240;7619
410250;1559
410260;2400
410270;457
410275;404
410280;2817
410290;4089
410300;721
410302;449
410304;1372
410305;1282
410310;3100
410315;695
410320;1026
410322;883
410330;1181
410335;763
410337;563
410340;311
410345;11184
410347;675
410350;2006
410360;4970
410370;28436
410380;2027
410390;2518
410395;769
410400;12541
410405;592
410410;1445
410420;34421
410425;4477
410430;31325
410440;1717
410442;3302
410445;1583
410450;6981
410460;3342
410465;11527
410470;2721
410480;124759
410490;21227
410500;1592
410510;1460
410520;1747
410530;3005
410540;5653
410550;26447
410560;3881
410570;3307
410580;47808
410590;7167
410600;1172
410610;533
410620;2525
410630;3798
410640;22173
410645;1234
410650;5129
410655;482
410657;872
410660;5267
410670;707
410680;1955
410685;504
410690;979454
410700;2075
410710;812
410712;412
410715;513
410720;16467
410725;3191
410730;947
410740;1312
410750;2523
410752;360
410753;1585
410754;717
410755;463
410760;2828
410765;23990
410770;664
410773;967
410775;1330
410780;1062
410785;827
410790;1340
410800;3292
410810;524
410820;1150
410830;73209
410832;964
410840;30973
410845;955
410850;2062
410855;304
410860;5764
410865;790
410870;818
410880;5939
410890;1408
410895;942
410900;833
410910;369
410920;865
410930;2629
410940;51952
410950;555
410960;8732
410965;934
410970;7500
410975;1269
410980;16088
410990;1459
411000;1314
411005;370
411007;1655
411010;8931
411020;1630
411030;267
411040;1313
411050;2205
411060;3822
411065;415
411070;14209
411080;1959
411090;503
411095;3604
411100;864
411110;986
411120;4050
411125;5082
411130;503
411140;1964
411150;7114
411155;1949
411160;777
411170;707
411180;11834
411190;6544
411200;11873
411210;6556
411220;780
411230;616
411240;2668
411250;1822
411260;411
411270;1592
411275;1481
411280;5748
411290;519
411295;1314
411300;2728
411310;817
411320;10379
411325;615
411330;6574
411340;688
411342;544
411345;935
411350;6896
411360;846
411370;184568
411373;1427
411375;633
411380;967
411390;3593
411400;2236
411410;5258
411420;14509
411430;5319
411435;574
411440;3602
411450;2176
411460;19646
411470;947
411480;10900
411490;1427
411500;1276
411510;1048
411520;179324
411530;1466
411535;1461
411540;3397
411545;521
411550;1009
411560;11424
411570;8082
411573;455
411575;2704
411580;22167
411585;1136
411590;515
411600;325
411605;2010
411610;1617
411620;3228
411630;565
411640;467
411650;321
411660;477
411670;3866
411680;914
411690;5733
411695;1214
411700;1296
411705;1004
411710;4663
411720;1123
411721;449
411722;2116
411725;2110
411727;842
411729;770
411730;7517
411740;463
411745;1137
411750;8561
411760;13230
411770;8994
411780;1654
411790;19098
411800;5296
411810;2641
411820;45244
411830;467
411840;26562
411845;1640
411850;35197
411860;1167
411870;800
411880;1924
411885;1055
411890;2070
411900;980
411910;3060
411915;51475
411920;961
411925;406
411930;4368
411940;5082
411950;11163
411960;6748
411965;492
411970;1000
411980;2373
411990;104518
411995;5133
412000;2320
412010;2032
412015;412
412020;948
412030;784
412033;807
412035;1554
412040;743
412050;1553
412060;8739
412065;869
412070;1651
412080;10615
412085;1365
412090;5528
412100;1382
412110;703
412120;1923
412125;440
412130;524
412135;446
412140;4703
412150;2245
412160;1421
412170;4093
412175;994
412180;3356
412190;1840
412200;2283
412210;873
412215;1314
412217;541
412220;6557
412230;7953
412240;25943
412250;1813
412260;3569
412265;751
412270;4315
412280;742
412290;649
412300;2991
412310;450
412320;520
412330;1488
412340;2740
412350;5747
412360;284
412370;1548
412380;2631
412382;595
412385;1092
412390;1883
412395;630
412400;839
412402;3105
412405;4073
412410;11285
412420;450
412430;511
412440;4772
412450;4761
412460;1982
412470;1138
412480;4182
412490;897
412500;1623
412510;1268
412520;2415
412530;1060
412535;1152
412540;834
412545;497
412550;125139
412555;597
412560;9864
412570;7639
412575;958
412580;2052
412590;684
412600;1490
412610;892
412620;1446
412625;15944
412627;1083
412630;5585
412635;776
412640;1146
412650;4450
412660;7601
412665;555
412667;2052
412670;906
412680;4846
412690;983
412700;1896
412710;22526
412720;4840
412730;3235
412740;3438
412750;4129
412760;2631
412770;66110
412780;1450
412785;1921
412788;1419
412790;899
412795;1364
412796;2467
412800;9457
412810;36399
412820;16700
412830;416
412840;1714
412850;3881
412853;2430
412855;1212
412860;1653
412862;761
412863;491
412865;658
412870;2067
412880;933
420005;465
420010;5214
420020;3732
420030;1240
420040;2180
420050;664
420055;731
420060;1374
420070;1453
420075;341
420080;1281
420090;713
420100;1307
420110;575
420120;3146
420125;3005
420127;1047
420130;19926
420140;18186
420150;2799
420160;924
420165;473
420170;2754
420180;605
420190;2489
420195;1552
420200;59175
420205;1413
420207;1755
420208;479
420209;213
420210;9767
420213;634
420215;412
420220;3269
420230;19956
420240;146339
420243;587
420245;7479
420250;1133
420253;593
420257;287
420260;2035
420270;2589
420280;14369
420285;1232
420287;545
420290;55773
420300;26885
420310;1824
420315;814
420320;17002
420325;827
420330;6246
420340;1459
420350;2285
420360;12632
420370;3026
420380;13235
420390;10324
420395;5151
420400;3888
420410;736
420415;583
420417;405
420419;292
420420;107323
420425;5798
420430;32787
420435;2341
420440;2307
420445;253
420450;5191
420455;3927
420460;81186
420470;3339
420475;441
420480;10889
420490;1395
420500;2961
420510;1240
420515;992
420517;330
420519;1078
420520;1087
420530;4227
420535;431
420540;320027
420543;369
420545;9518
420550;10224
420555;301
420560;548
420570;7094
420580;5746
420590;27558
420600;5417
420610;2109
420620;3003
420630;7969
420640;2774
420650;15995
420660;1231
420665;4302
420670;4222
420675;310
420680;786
420690;6650
420700;21908
420710;4135
420720;1367
420730;13136
420740;1144
420750;29045
420757;1051
420760;565
420765;2110
420768;2330
420770;3583
420775;506
420780;2048
420785;488
420790;1303
420800;1848
420810;5303
420820;120790
420830;27020
420840;7954
420845;6333
420850;7652
420860;965
420870;2516
420880;5607
420890;75992
420895;347
420900;16419
420910;241147
420915;1083
420917;376
420920;691
420930;46650
420940;8027
420945;298
420950;2248
420960;4064
420970;2083
420980;454
420985;714
420990;3598
421000;4857
421003;1810
421005;375
421010;14645
421020;563
421030;1073
421040;2072
421050;11308
421055;507
421060;6240
421070;423
421080;1623
421085;520
421090;1054
421100;2910
421105;1999
421110;1210
421120;6936
421125;575
421130;29798
421140;1329
421145;824
421150;6996
421160;7927
421165;483
421170;8825
421175;6296
421180;1272
421185;412
421187;373
421189;496
421190;58869
421200;1754
421205;941
421210;5736
421220;4311
421223;865
421225;1631
421227;950
421230;2462
421240;1707
421250;10068
421260;815
421265;953
421270;1155
421280;7410
421290;8564
421300;1833
421310;1746
421315;627
421320;15971
421330;992
421335;1038
421340;2320
421350;10298
421360;8208
421370;5499
421380;1873
421390;376
421400;8005
421410;386
421415;808
421420;3636
421430;759
421440;1493
421450;1231
421460;1643
421470;3630
421480;32400
421490;1290
421500;13563
421505;463
421507;913
421510;2880
421520;419
421530;2493
421535;527
421540;2013
421545;5031
421550;5172
421555;535
421560;457
421565;1583
421567;830
421568;302
421569;284
421570;7772
421575;430
421580;30071
421590;612
421600;3015
421605;1684
421610;1782
421620;15170
421625;1783
421630;9813
421635;1769
421640;1364
421650;8526
421660;134945
421670;3282
421680;856
421690;10331
421700;6068
421710;888
421715;196
421720;16767
421725;580
421730;3307
421740;4966
421750;8495
421755;771
421760;4365
421770;8414
421775;422
421780;5526
421790;2680
421795;258
421800;19056
421810;921
421820;18968
421825;1682
421830;6743
421835;1691
421840;2292
421850;4372
421860;2224
421870;43231
421875;1093
421880;4297
421885;397
421890;2113
421895;499
421900;7183
421910;1494
421915;375
421917;1960
421920;1128
421930;23956
421935;919
421940;1392
421950;15454
421960;713
421970;12846
421985;397
422000;2512
430003;1347
430005;795
430010;2895
430020;1382
430030;592
430040;15444
430045;430
430047;682
430050;917
430055;318
430057;830
430060;20113
430063;458
430064;1532
430066;344
430070;1421
430080;4085
430085;732
430087;2427
430090;1456
430100;8152
430105;2279
430107;370
430110;2100
430120;2122
430130;2745
430140;1890
430150;1330
430155;473
430160;23354
430163;1942
430165;1972
430170;1547
430175;450
430180;709
430185;343
430187;1212
430190;2871
430192;268
430195;914
430200;954
430205;255
430210;47867
430215;415
430220;1920
430222;513
430223;625
430225;692
430230;2971
430235;6036
430237;340
430240;3538
430245;668
430250;1094
430258;259
430260;423
430265;814
430270;3804
430280;6596
430290;1871
430300;16198
430310;42108
430320;436
430330;1115
430340;502
430350;12894
430355;712
430360;1992
430367;562
430370;826
430380;1046
430390;24946
430400;1243
430410;601
430420;6242
430430;1406
430435;2675
430440;11563
430450;5572
430460;92041
430461;195
430462;370
430463;15448
430465;576
430466;4530
430467;1353
430468;1578
430469;553
430470;15899
430471;1116
430480;14558
430485;159
430490;3299
430495;548
430500;1352
430510;170744
430511;343
430512;562
430513;404
430515;271
430517;1122
430520;3532
430530;2496
430535;7329
430537;284
430540;1018
430543;2261
430544;429
430545;2304
430550;703
430558;429
430560;580
430570;2256
430580;2229
430583;144
430585;372
430587;504
430590;1057
430593;155
430595;828
430597;1022
430600;2566
430605;1172
430607;312
430610;14471
430613;234
430620;3031
430630;655
430632;399
430635;211
430637;535
430640;12452
430642;431
430645;693
430650;1233
430655;394
430660;7840
430670;373
430673;614
430675;336
430676;17518
430680;8089
430690;4356
430692;186
430693;1709
430695;400
430697;378
430700;41652
430705;623
430710;843
430720;789
430730;942
430740;591
430745;419
430750;3630
430755;1939
430760;13277
430770;21634
430780;12470
430781;492
430783;442
430786;594
430790;27559
430800;1591
430805;314
430807;933
430810;4020
430820;13049
430825;205
430830;1319
430840;862
430843;363
430845;888
430850;9952
430860;16773
430865;396
430870;1050
430880;743
430885;356
430890;4384
430900;3259
430905;2268
430910;23523
430912;248
430915;290
430920;60961
430925;282
430930;20757
430940;9111
430950;1189
430955;1688
430957;227
430960;6220
430965;2190
430970;969
430975;358
430980;828
430990;1161
430995;490
431000;7609
431010;13534
431020;26398
431030;772
431033;5171
431036;1236
431040;1233
431041;275
431043;1337
431046;271
431050;896
431053;1499
431055;495
431057;231
431060;8284
431065;287
431070;329
431075;191
431080;8526
431085;436
431087;352
431090;679
431100;4721
431110;1512
431112;728
431113;549
431115;960
431120;3684
431123;221
431125;416
431127;345
431130;5841
431140;41402
431142;293
431150;1471
431160;562
431162;2255
431164;261
431170;901
431171;807
431173;253
431175;975
431177;1219
431179;395
431180;17049
431190;702
431198;382
431200;358
431205;695
431210;678
431213;440
431215;1405
431217;218
431220;602
431225;1556
431230;1600
431235;339
431237;556
431238;379
431240;21758
431242;392
431244;363
431245;1206
431247;1999
431250;3322
431260;2367
431261;956
431262;272
431265;9580
431267;306
431270;2190
431275;1114
431280;1849
431290;4023
431295;699
431300;611
431301;948
431303;1661
431306;7625
431308;450
431310;1015
431320;7177
431330;8737
431333;354
431335;585
431337;11050
431339;518
431340;79068
431342;338
431344;278
431346;239
431349;482
431350;12882
431360;586
431365;2103
431370;6706
431380;1327
431390;15370
431395;3045
431400;3170
431402;801
431403;971
431405;15671
431406;248
431407;1155
431410;72528
431413;688
431415;1700
431417;496
431420;1365
431430;822
431440;78285
431442;2459
431445;978
431446;460
431447;501
431449;583
431450;1370
431454;579
431455;286
431460;2957
431470;1694
431475;378
431477;692
431478;231
431480;10387
431490;712790
431500;517
431505;299
431507;200
431510;1615
431513;414
431514;2534
431515;799
431517;384
431520;630
431530;3965
431531;343
431532;390
431535;838
431540;703
431545;263
431550;3013
431555;268
431560;46652
431570;5487
431575;1491
431580;3241
431590;1615
431595;329
431600;7403
431610;1585
431620;611
431630;850
431640;6492
431642;373
431643;540
431645;1928
431647;904
431650;2591
431660;3978
431670;1909
431673;280
431675;2442
431680;46544
431690;74080
431695;1793
431697;615
431700;767
431710;16018
431720;26299
431725;184
431730;7132
431740;8981
431750;20334
431755;409
431760;10923
431770;1606
431775;509
431780;3358
431790;3918
431795;264
431800;12637
431805;546
431810;2225
431820;5627
431830;10767
431840;4251
431842;700
431843;705
431844;498
431845;325
431846;442
431848;973
431849;921
431850;7293
431860;1636
431861;510
431862;1338
431870;60423
431880;6275
431890;7197
431900;7911
431910;1308
431912;372
431915;1520
431920;633
431930;809
431935;884
431936;291
431937;813
431940;2271
431950;7264
431960;4143
431970;512
431971;502
431973;283
431975;675
431980;1350
431990;24126
432000;23157
432010;8195
432020;4376
432023;418
432026;529
432030;1123
432032;366
432035;724
432040;6582
432045;285
432050;882
432055;874
432057;234
432060;581
432065;339
432067;962
432070;2918
432080;7318
432085;932
432090;10085
432100;2670
432110;2463
432120;11813
432130;6302
432132;550
432135;722
432140;3169
432143;2310
432145;11128
432146;768
432147;491
432149;310
432150;11414
432160;11024
432162;581
432163;775
432166;3074
432170;7626
432180;7040
432183;337
432185;739
432190;7014
432195;3060
432200;14416
432210;935
432215;385
432218;197
432220;4302
432225;3320
432230;1469
432232;577
432234;216
432235;186
432237;319
432240;23839
432250;21294
432252;479
432253;807
432254;1761
432255;387
432260;18394
432270;5485
432280;8183
432285;371
432290;518
432300;24683
432310;314
432320;705
432330;1421
432335;517
432340;2171
432345;689
432350;515
432360;224
432370;663
432375;356
432377;1241
432380;5645
500020;7747
500025;1161
500060;7670
500070;3988
500080;2284
500085;7076
500090;1555
500100;10274
500110;10719
500124;2391
500150;2267
500190;7391
500200;3158
500210;4209
500215;1740
500220;7101
500230;3743
500240;9281
500260;3260
500270;321995
500280;1016
500290;4639
500295;10933
500310;1090
500315;1311
500320;24268
500325;7175
500330;6730
500345;2893
500348;2087
500350;834
500370;77212
500375;2662
500380;4189
500390;872
500400;1456
500410;1762
500430;3120
500440;2448
500450;4016
500460;5700
500470;5177
500480;764
500490;1522
500500;5769
500510;1536
500515;1008
500520;1921
500525;1960
500540;13035
500560;4316
500568;3452
500570;14625
500580;2286
500600;6298
500620;14074
500625;1049
500627;2117
500630;11306
500635;1067
500640;1413
500660;17173
500690;2954
500710;19959
500720;11987
500730;1144
500740;3632
500750;1817
500755;2688
500769;10999
500770;1277
500780;2660
500790;13510
500793;4615
500795;1161
500797;706
500800;4251
500830;47236
500840;1425
510010;478
510020;8302
510025;15380
510030;3547
510035;791
510040;3837
510050;749
510060;3242
510080;1386
510100;1122
510120;194
510125;4010
510130;1574
510140;5707
510160;656
510170;7340
510180;17857
510185;1831
510190;5504
510250;16138
510260;1545
510263;19092
510267;14433
510268;4316
510269;732
510270;7138
510279;1476
510285;1142
510300;3894
510305;2459
510310;1806
510320;7878
510325;3708
510330;4798
510335;7551
510336;625
510337;1381
510340;364427
510343;605
510345;1105
510350;9666
510360;1538
510370;2504
510380;592
510385;2395
510390;929
510395;383
510410;6197
510420;1767
510450;407
510452;2951
510454;1200
510455;1627
510460;4594
510480;7665
510490;751
510500;1117
510510;8572
510515;9921
510517;2058
510520;1857
510523;1427
510525;32081
510530;356
510550;3914
510558;2577
510560;5872
510562;6072
510590;4549
510600;974
510610;2776
510615;2202
510617;519
510618;1418
510619;1044
510620;789
510621;2481
510622;23383
510623;5926
510624;4474
510625;4329
510626;1434
510627;459
510628;1868
510629;1996
510630;6721
510631;283
510637;6182
510642;4917
510645;708
510650;4819
510665;860
510670;264
510675;12996
510677;1571
510680;2784
510682;1653
510685;562
510700;3500
510704;35449
510706;8849
510710;3165
510715;400
510718;1915
510719;440
510720;689
510724;1693
510726;556
510729;376
510730;3808
510735;1991
510740;442
510757;1144
510760;80763
510770;2104
510774;755
510775;624
510776;2052
510777;824
510779;1886
510780;2608
510785;3264
510787;14728
510788;533
510790;56391
510792;39348
510794;2961
510795;29042
510800;5667
510805;1776
510810;634
510820;778
510830;1095
510835;341
510840;60596
510850;3701
510860;3343
510880;726
510885;2544
510890;1919
510895;1876
520005;2351
520010;2901
520013;4179
520015;379
520017;1411
520020;445
520025;16991
520030;5832
520050;289
520055;3306
520060;2161
520080;1298
520082;390
520085;763
520090;377
520110;116387
520120;153
520130;3733
520140;136198
520145;660
520150;1972
520160;511
520170;1822
520180;1466
520215;1133
520235;714
520250;1934
520260;491
520280;483
520310;359
520320;4775
520330;6471
520340;960
520350;4357
520355;1197
520357;797
520360;636
520380;1110
520390;2541
520393;493
520396;365
520400;1550
520410;2036
520420;194
520425;2480
520430;3881
520440;3188
520450;27673
520455;479
520460;450
520465;650
520470;1441
520480;1966
520485;1770
520490;2408
520495;561
520500;1377
520505;473
520510;33354
520520;689
520530;955
520540;7613
520545;2936
520547;5607
520549;9120
520551;2338
520552;393
520570;377
520580;1424
520590;2944
520620;18352
520630;498
520640;4244
520650;572
520660;419
520670;348
520680;396
520690;494
520710;375
520725;1421
520735;951
520740;3544
520750;535
520753;851
520760;836
520780;1212
520790;1225
520800;22002
520810;491
520815;644
520830;430
520840;2344
520850;967
520860;19751
520870;670188
520880;7673
520890;3760
520910;11557
520915;693
520920;2080
520929;282
520940;496
520945;216
520960;404
520970;6324
520980;505
520990;1503
520993;1073
520995;3381
521000;12405
521010;6240
521015;334
521020;6032
521030;446
521040;13361
521056;823
521060;654
521080;934
521090;3320
521100;1271
521120;3864
521130;1568
521140;1463
521150;34355
521160;446
521170;2022
521180;6180
521190;29947
521200;354
521205;263
521210;1276
521220;4049
521225;374
521230;2243
521250;32708
521260;457
521270;1029
521280;2248
521290;434
521295;850
521300;1503
521305;526
521308;5677
521310;20756
521340;329
521350;764
521370;2219
521375;4496
521377;428
521380;12629
521385;330
521390;830
521400;4595
521405;1137
521410;336
521440;1740
521450;8998
521460;8749
521470;395
521480;244
521483;3336
521486;732
521487;277
521490;547
521500;2980
521520;487
521523;7053
521525;638
521530;3313
521540;473
521550;2662
521560;3858
521565;475
521570;8206
521580;408
521590;787
521600;630
521630;1284
521640;3879
521645;1776
521680;1335
521690;908
521710;3999
521720;1791
521730;5332
521740;9577
521760;9692
521770;3600
521800;8081
521805;856
521810;943
521830;5525
521839;468
521850;14754
521860;2264
521870;551
521878;3679
521880;81881
521890;4530
521900;1622
521910;1254
521920;617
521925;1404
521930;8586
521935;404
521940;948
521945;628
521950;456
521960;381
521970;1751
521971;1700
521973;2342
521975;6157
521980;794
521990;1092
522000;1926
522005;345
522010;7826
522015;712
522020;4216
522026;787
522028;1476
522040;4295
522045;25100
522050;2720
522060;4750
522068;841
522070;396
522100;757
522108;342
522119;1215
522130;495
522140;19884
522145;410
522150;849
522155;2486
522157;425
522160;9968
522170;1168
522180;1271
522185;22162
522190;504
522200;3308
522205;2632
522220;1601
522230;1530
530010;1201764
{ class};771
Total;54706385

Selees vigentes
Varivel;Critrio;Valor
Ano;igual a;2023
Vnculo Ativo 31/12;igual a;Sim
